Name,Created,Tags
model20200504003,"Apr 20, 2021 7:41 AM",
model20200607001,"Apr 20, 2021 7:41 AM",
model20200609003,"Apr 20, 2021 7:41 AM",
model20200609004,"Apr 20, 2021 7:42 AM",
model20200609005(2),"Apr 20, 2021 7:44 AM",
model20200610001(2),"Apr 20, 2021 7:44 AM",
model20200614001,"Apr 20, 2021 7:44 AM",
model20200616001,"Apr 20, 2021 7:44 AM",
model20200616002,"Apr 20, 2021 7:44 AM",
model20200616003(2),"Apr 20, 2021 7:45 AM",
model20200616004,"Apr 20, 2021 7:45 AM",
model20200617001,"Apr 20, 2021 7:45 AM",
model20200617002,"Apr 20, 2021 7:45 AM",
model20200617003,"Apr 20, 2021 7:45 AM",
model20200619003(2),"Apr 20, 2021 7:45 AM",
model20200919001,"Apr 20, 2021 7:46 AM",